AÑO,CAMPAÑA_INFORMATIVA,OBJETIVO,POBLACION
"2005,""Actúa contra el calor de la manera más facil"",""Prevenir y reducir los efectos negativos que el calor excesivo tiene sobre la salud de los ciudadanos, especialmente entre los colectivos más vulnerables."",""Colectivos Específicos"",,"
"2005,""Enfermedad Mental"",""Todos somos parte del tratamiento de una enfermedad mental,""Población General"",,"
"2005,""Preservativo. Por ti y por todos, úsalo"",""Prevención del VIH/Sida"",""Colectivos Específicos"",,"
"2005,""Drogas, te la vas a jugar?"",""Prevención de la drogadicción"",""Jovenes"",,,"
"2005,""¿Fumar?, pues... va a ser que no"",""Prevención del Tabaquismo"",""Jovenes"",,"
"2005,""El alcohol puede llevarte lejos"",""Prevenció alcoholismo en los jóvenes"",""Jovenes"",,"
"2005,""No recomiendes medicamentos, tú no eres médico"",""Uso racional del medicamento"",""Población General"",,"
"2005,""Prevenir la obesidad infantil tiene premio, estar sano"",""Prevención de la obesidad infantil"",""Infancia"",,"
"2005,""La única diferencia es que, con los genéricos todos salimos gannado"",""Medicamentos genéricos"",""Población General"",,"
"2005,""Abandono del tabaquismo, en tu interior sabes que también será bueno para ti."",""Prevención del Tabaquismo"",""Población General"",,"
"2005,""Estas en la edad de no hacer ada, o de hacerlo todo"",""Hábitos saludables mayores 65 años"",""Mayores"",,,"
"2006,""Estas en la edad de no hacer ada, o de hacerlo todo. Reposición"",""Hábitos saludables mayores 65 años"",""Mayores"",,"
"2006,""El alcohol puede llevarte lejos. Reposición"",""Prevenció alcoholismo en los jóvenes"",""Jovenes"",,"
"2006,""Gracias por no fumar. Reposición"",""Prevención del Tabaquismo"",""Población General"",,"
"2006,""Si no tomas precauciones, ¿sabes quién actúa?"",""Salud sexual y jóvenes"",""Jovenes"",,"
"2006,""Actúa contra el calor de la manera más facil. Reposición"",""Prevenir y reducir los efectos negativos que el calor excesivo tiene sobre la salud de los ciudadanos, especialmente entre los colectivos más vulnerables. Reposición"",""Colectivos Específicos"",,"
"2006,""Esta niña fuma un paquete al día."",""Infancia y humo del tabaco"",""Infancia"",,"
"2006,""No recomiendes medicamentos, tú no eres médico. Reposición"",""Uso racional del medicamento"",""Población General"",,"
"2006,""Hay trenes que es mejor no coger."",""Prevención de la drogadicción. Prevención del consumo y adicción a cannabis y cocaína"",""Población General"",,"
"2006,""Pueden dejar de curar. Usándolos bien hoy, mañana nos protegerán."",Uso responsable de antibióticos.Tómalos cuando y como te los recete el médico"",""Población General"",,"
"2006,""¡Despierta, Desayuna!"",""Prevención de la Obesidad Infantil"",""Infancia"",,"
"2006,""Contra los malos tratos gana la ley"",""Sensibilización en materia de violencia de género. Informar y sensibilizar sobre el cumplimiento y aplicación de la Ley Integral en la lucha contra la violencia de género."",""Población General"",,"
"2007,""¿Qué es lo que te corresponde?"",""Información sobre la Ley de mejora de la protección de consumidores y usuarios"",""Población General"",,"
"2007,""Esta niña fuma un paquete al día. Reposición"",""Concienciar de los riesgos para la salud de la infancia y el humo del tabaco."",""Infancia"",,"
"2007,""Si no tomas precauciones, ¿sabes quién actúa?. Reposición"",""Salud sexual y jóvenes"",""Jovenes"",,"
"2007,""El alcohol te destroza por partida doble."",""Prevenir el consumo de alcohol en adolescentes y menores."",""Jovenes"",,"
"2007,""Actúa contra el calor de la manera más facil. Reposición"",""Prevenir y reducir los efectos negativos que el calor excesivo tiene sobre la salud de los ciudadanos, especialmente entre los colectivos más vulnerables."",""Colectivos Específicos"",,"
"2007,""No dejes que tu hogar sea un lugar peligroso para ellos."",""Prevención de accidentes infantiles."",""Infancia"",,"
"2007,""Cocaína, ¿se lo vas a dar todo?"",""Prevención del consumo de cocaína.Sensibilizar y movilizar a la sociedad para generar una cultura de rechazo hacia las drogas , y de forma especial, hacia el consumo de cocaína."",""Población General"",,"
"2007,""¡Despierta, Desayuna!. Reposición"",""Prevención de la Obesidad Infantil"",""Infancia"",,"
"2007,""Pueden dejar de curar. Usándolos bien hoy, mañana nos protegerán. Reposición"",""Uso responsable de antibióticos.Tómalos cuando y como te los recete el médico"",""Población General"",,"
"2007,""Cuidarte es el hábito más sano."",""Prevención de enfermedades cardio y cerebrovasculares"",""Población General"",,"
"2007,""Telefono 016, A la Primera Señal de Malos Tratos, Llama"",""Difusión del servicio telefónico de información y asesoramiento jurídico en materia de violencia de género."",""Población General"",,"
"2008,""Combatir el calor está en tus manos"",""Prevenir y reducir los efectos negativos sobre la salud de las altas temperaturas."",""Colectivos Específicos"",,"
"2008,""En Eestas Fiestas Compra Con Criterio"",""Por un consumo, seguro, saludable, solidario y sostenible"",""Población General"""
"2008,""Yo pongo condon. Yo lo pongo, yo controlo"",""Prevención de Embarazos No Deseados"",""Adolescentes"",,"
"2008,""Por Ti, por Mí, Házte la Prueba"",""Recomendación de la prueba del VIH/ una vez al año"",""Colectivos Específicos"",,"
"2008,""Que molen tus muelas"",""Plan de Salud Bucodental"",""Infancia"",,"
"2008,""En Rebajas Compra con Criterio"",""Por un consumo, seguro, saludable, solidario y sostenible"",""Población General"",,"
"2008,""Ante el maltratador, tolerancia cero"",""Contra la violencia de género. Rechazo y aislamiento social del maltratador."",""Población General"",,"
"2009,""Higiene de las Manos. Salvar vidas está en tus manos"",""Sensibilización sobre la importancia de la correcta higiene de las manos en los centros sanitarios dirigida tanto a profesionales como a pacientes y acompañantes."",""Colectivos Específicos"",, "
"2009,""Combatir el calor está en tus manos. Reposición"",""Prevenir y reducir los efectos negativos sobre la salud de las altas temperaturas."",""Colectivos Específicos"",,"
"2009,""Frente al VIH, NO Bajes La Guardia"",""Recomendación de la prueba del VIH/ una vez al año"",""Colectivos Específicos"",,"
"2009,""Gripe A. La Prevención Es La Mejor Medida"",""La mejor medida frente a la gripe, y consiste en una serie de recomendaciones de higiene."",""Población General"",,"
"2009,""Preservativo en tu bolsillo.No Dejes que el VIH Se Fije en Ti"",""Prevención del VIH/Sida, para colectivos especiales."",""Colectivos Específicos"",,"
"2009,""Ya No Tengo Miedo. Ante el maltrato, todos y todas a una."",""Información y sensibilización con el objeto de aumentar la concienciación sobre el problema de la violencia de género en la sociedad."",""Población General"",,"
"2010,""Quiérete. Haze la prueba, usa preservativo."",""Conmemoración Día Mundial del Sida"",""Población General"",,"
"2010,""Medicamentos Genéricos EFG. Mejoras tú, mejoramos todos y todas."",""Informar y concienciar del uso de medicamentos genéricos."",""Población General"",,"
"2010,""¿HABLAMOS?, Infórmate y comparte lo que sabes sobre el VIH"",""Prevención del VIH/Sida"",""Colectivos Específicos"",,"
"2010,""Si estás embarazada, con el alcohol no hay excusa que valga"",""Informarsobre el consumo de alcohol durante el periodo previo a la concepción, el embarazo y la lactancia."",""Población General"",,"
"2010,""Uso Adecuado Servicios Sanitarios. Con responsabilidad ganamos en salud."",""Uso Adecuado Servicios Sanitarios"",""Población General"",,"
"2010,""Combatir el calor está en tus manos. Reposición"",""Prevenir y reducir los efectos negativos sobre la salud de las altas temperaturas."",""Colectivos Específicos"",,"
"2010,""Y tú, ¿cómo te proteges frente al VIH?. Ponte una medalla"",""Prevención del VIH/Sida en hombres que tienen sexo con hombres."",""Colectivos Específicos"",,"
"2010,""Corazón Azul, Contra la Trata de Personas"",""Contra la trata de seres humanos es una iniciativa de sensibilización, promovida por las Naciones Unidas y a la que se ha adherido el Ministerio de Sanidad, Servicios Sociales e Igualdad."",""Población General"",,"
"2010,""En la Violencia de Género, No hay Una sola Víctima"",""Visibilizar la situación de los hijos y las hijas de las víctimas de la violencia de género, quienes también sufren sus consecuencias. Realizada en colaboración con la Fundación Save the Childre."",""Población General"",,"
"2010,""Saca Tarjeta Roja al Maltratador"",""Presentar el testimonio de personas del entorno de la víctima, y la representación por personas famosas de frases pronunciadas por los maltratadores, para instar a los ciudadanos a implicarse y mostrar rechazo a la violencia de género."",""Población General"",,"
"2010,""Embarazo es cosa de dos"",""Prevención de embarazos no deseados"",""Jóvenes"",,"
"2011,""No te saltes las señales. Elige vivir"",""Prevención de la violencia de género, que tanto las víctimas como sus entornos sepan detectar las distintas manifestaciones de este tipo de violencia y actúen."",""Población General"",,"
"2011,""Higiene de las Manos. Salvar vidas está en tus manos. Reposición"",""Sensibilización sobre la importancia de la correcta higiene de las manos en los centros sanitarios dirigida tanto a profesionales como a pacientes y acompañantes."",""Colectivos Específicos"",,"
"2011,""De hombre a hombre, habla del VIH. Porque el silencio no puede ser un síntoma más."",""Prevención del VIH/Sida en hombres que tienen sexo con hombres."",""Colectivos Específicos"",,"
"2011,""Alcohol en menores no es normal"",""Prevención del consumo de alcohol en menores. El consumo de alcohol suele iniciarse en España alrededor de los 13 años."",""Adolescentes"",,"
"2011,""Los medicamentos no son un juego, no los tomes a la ligera."",""Prevención del uso inadecuado de los medicamentos puede provocar problemas de salud que precisen atención en los servicios de urgencias debido a: interacciones farmacológicas, reacciones adversas o intoxicaciones."",""Población General"",,"
"2011,""Semana europea de vacunación: prevenir proteger vacunar"",""Iniciativa de la Región Europea de la OMS, importancia de la vacunación para prevenir ciertas enfermedades infecciosas y conmemorar éxitos de los programas de vacunación."",""Población General"",,"
"2011,""30 Años de Logros, 30 Años de Retos. Día Mundial del Sida"",""Conmemoración Día Mundial del Sida"",""Población General"",,"
"2011,""Plan estival 2011."","" Recomendaciones de prevención de la salud, como lesiones graves en el medio acuático."",""Población General"",,"
"2012,""¿Controlan las Drogas Tu Vida?"",""La Oficina de las Naciones Unidas contra la Droga y el Delito (UNODC). Concienciación y movilizar apoyos e inspirar a la población para que actúe contra el abuso y el tráfico de drogas."",""Jóvenes"",,"
"2012,""Si Llevas Droga Encima.."",""Prevención drogas. No compres,ni consumas, ni trafiques con drogas en el extranjero 2012"",""Población General"",,"
"2012,""No te saltes las señales. Elige vivir. Reposición"",""Prevención de la violencia de género, que tanto las víctimas como sus entornos sepan detectar las distintas manifestaciones de este tipo de violencia y actúen."",""Población General"",,"
"2012,""Los Medicamentos comprados en Webs Ilegales pueden Destruirte"",""Informar y preveir contra la venta de medicamentos en Webs ilegales."",""Población General"",,"
"2012,""Manipulación de los Alimentos. La seguridad también está en tus manos."",""Se presentan tres videos informativos, aportando consejos en las tres fases fundamentales de contacto con los alimentos que vamos a ingerir: comprar, colocar, cocinar."",""Población General"",,"
"2012,""Violencia De Género. HAY SALIDA"",""Un mensaje de esperanza a las mujeres víctimas de la violencia, romper el silencio cómplice que las rodea, porque HAY SALIDA"",""Población General"",,"
"2013,""Protégete Contra la Gripe. Vacúnate"",""Informar y concienciar sobre la vacunación es la medida más eficaz para prevenir la gripe y sus complicaciones. Adoptar medidas higiénicas como el lavado frecuente de manos, evita la transmisión del virus."",""Población General"",,"
"2013,""2013 Año Español de las Enfermedades Raras"",""La declaración de Año Español, junto con la adhesión a la declaración del año 2016 como Año Internacional de la Investigación en Enfermedades Raras"",""Población General"",,"
"2013,""Hábitos Saludables Mayores de 50 Años y Enfermos Crónicos"",""Mejorar la calidad de vida de las personas mayores de 50 años y enfermos crónicos, mediante hábitos saludables relativos a la actividad física."",""Población General"",,"
"2013,""Día Europeo para el Uso Prudente de los Antibióticos"",""18 de noviembre; su objetivo es sensibilizar sobre la amenaza que  la resistencia a los antibióticos supone para la salud pública."",""Población General"",,"
"2013,""Día Mundial del Sida. Házte la Prueba"",""Conmemoración Día Mundial del Sida"",""Población General"",,"
"2013,""Violencia de Género, Hay Salida. Preposición"",""Transmitir un mensaje de esperanza a las víctimas de esta violencia y a su entorno e implicar a toda la sociedad para hacer del final de la violencia de género un objetivo común."",""Población General"",,"
"2013,""Activilandia. Parque Temático Virtual. Alimentación, Hábitos Saludables y Ocio Activo"",""Prevención obesidad infantil. Activilandia dedicado específicamente a la Alimentación, Saludable, la Actividad Física variada, el Ocio Activo y otros Hábitos Saludables.,""Infancia"",,"
"2014,""El SIDA No Es Algo Del Pasado, Tenlo Presente"",""Promoción de la prueba del VIH, con el objetivo de detectar el 30% de casos que siguen sin diagnosticar"",""Población General"",,"
"2014,""Detección Precoz del Cáncer"", ""Promover la detección precoz del cáncer de colon y de mama"",""Población General"",,"
"2014,""Día Europeo para el Uso Prudente de los Antibióticos"",""18 de noviembre; su objetivo es sensibilizar sobre la amenaza que  la resistencia a los antibióticos supone para la salud pública."",""Población General"",,"
"2014,""Día Mundial del Sida. El Sida NO es algo del pasado, Ténlo Presente"",""Conmemoración Día Mundial del Sida"",""Población General"",,"
"2014,""Cuéntalo, Hay Salida a la Violencia de Género"",""Prevenir la violencia de género en la pareja"",""Población General"",,"
"2014,""Movimiento Actívate"","" Prevención de Obesidad en Adolescentes de 13 a 17 años"",""Infancia y Adolescencia"",,"
"2015,""Campaña Contra La Violencia De Género"",""Prevenir la violencia de género en la pareja"",""Población General"",,"
"2015,""La INTEGRACIÓN siempre es la Mejor Respuesta"",""Inclusión social de las personas con problemas de salud mental"",""Población General"",,"
"2015,""Red de Escuelas de Salud para la Ciudadanía. Para que Tú Decidas"","" Aportar a los pacientes, familiares y cuidadores una fuente de información y herramientas de formación, a partir del compromiso de poner a su disposición las mejores evidencias disponibles"",""Población General"",,"
"2015,""El VIH, y otras Infecciones de Transmisión Sexual, También te Pueden Afectar a Ti"",""Practica estilos de vida saludables, y relaciones sexuales seguras"",""Población General"",,"
"2015,""Descubre todo sobre ETIQUETADO"",""Motrar en el etiquetado de los alimento con la  información de forma más clara, completa útil sobre información nutricional, alergias e intolerancias"",""Población General"",,"
"2015,""Campaña Contra la Violencia de Género. Si Hay Salida a la Violencia de Género, es gracias a ti. ÚNETE"",""Erradicación de la violencia de género con la implicación de toda la sociedad"",""Población General"",,"
"2015,""Contra la Trata de Mujeres. Toma Conciencia"",""Rechazo de la sociedad ante el consumo de personas"",""Población General"",,"
"2015,""Campaña Día Mundial del Sida, 2015. SIN ESTIGMAS"",""Conmemoración Día Mundial del Sida"",""Población General"",,"
"2016,""Semana Europea de Vacunación"",""Crear conciencia sobre la importancia de la inmunización para la salud y el bienestar de las personas"",""Población General"",,"
"2016,""Plan Verano 2016"",""Prevención Efectos Altas Temperaturas"",""Colectivos Específicos"",,"
"2016,""Campaña Contra la Violencia de Género. Si Hay Salida a la Violencia de Género, es gracias a ti. ÚNETE"",""Erradicación de la violencia de género con la implicación de toda la sociedad"",""Población General"",,"
"2016,""Frente a la Gripe, Protégete, Vacunate"",""Promoción de la vacunación para  prevenir la gripe y sus complicaciones"",""Colectivos Específicos"",,"
"2016,""Día Europeo para el Uso Prudente de los Antibióticos"",""18 de noviembre; su objetivo es sensibilizar sobre la amenaza que  la resistencia a los antibióticos supone para la salud pública."",""Población General"",,"
"2016,""Día Mundial del Sida. Levantemos las Manos por la PREVENCIÓN VIH"",""Conmemoración Día Mundial del Sida"",""Población General"",,"
"2017,""La INTEGRACIÓN siempre es la Mejor Respuesta"",""Inclusión social de las personas con problemas de salud mental"",""Población General"",,"
"2017,""Plan Verano 2017"",""Prevención Efectos Altas Temperaturas"",""Colectivos Específicos"",,"
"2017,""Sin Condón no hay vuelta atrás"",""La practica de estilos de vida saludables y relaciones sexuales seguras"",""Población General"",,"
"2017,""Corta a tiempo. El maltrato no llega de repente"",""Rechazar en tus relaciones las primeras señales de control y maltrato. Todos contra la violencia de género"",""Población General"",,"
"2017,""Con las Infecciones de Transmisión Sexual. Tú decides lo que compartes"","" Prevención  ITS (Infecciones de Transmisión Sexual) en los Jóvenes "",""Jovenes"",,"
"2017,""Contra la Trata de Mujeres. No Inviertas en Sufrimiento"",""Rechazo de la sociedad ante el consumo de personas"",""Población General"",,"
"2017,""Apúntate a un Estilo de Vida más Saludable"",""Proporcionar información útil y de calidad, ajustada a las diferentes necesidades de la ciudadanía; herramientas interactivas, vídeos y otros materiales y recursos de utilidad para hacer más saludables nuestros estilos de vida."",""Población General"",,"
"2017,""Non Smoking Challenge"",""Acabar con el consumo de tabaco en jovenes"",""Jovenes"",,"
"2017,""Gracias por esos Mil Primeros Días"",""Fomentar una alimentación y hábitos de vida saludable en los primeros 1.000 días de vida: embarazo, lactancia y los 2 primeros años del bebe"",""Población General"",,"
"2017,""Acogimiento Familiar"",""Fomentar el acogimiento familiar de menores tutelados"",""Colectivos Específicos"",,"
"2017,""Antibióticos, Tómatelos en Serio"",""Concienciar a los ciudadanos sobre los riesgos asociados al uso imprudente de estos medicamentos en personas y animales"",""Población General"",,"
"2017,""NO Permitas la Violencia de Género"",""Denunciar la violencia de género"",""Población General"",,"
"2017,""Frente a la Gripe VACÚNATE, Sobran Motivos."",""Promoción de la vacunación para  prevenir la gripe y sus complicaciones"",""Colectivos Específicos"",,"
"2017,""Menores SIN Alcohol"",""Prevención del consumo de Alcohol en Menores"",""Colectivos Específicos"",,"
"2017,""Día Mundial Del Sida. Transmite Respeto"",""Conmemoración Día Mundial del Sida"",""Población General"",,"
"2018,""La Actitud Marca la Diferencia"",""Inclusión social de las personas con problemas de salud mental"",""Población General"",,"
"2018,""Antibióticos, Tómatelos en Serio"",""Concienciar a los ciudadanos sobre los riesgos asociados al uso imprudente de estos medicamentos en personas y animales"",""Población General"",,"
"2018,""Non Smoking Challenge"",""Acabar con el consumo de tabaco en jovenes"",""Jovenes"",,"
"2018,""Día Mundial Del Sida. Transmite Respeto"",""Conmemoración Día Mundial del Sida"",""Población General"",,"
"2019,""No te la juegues, coNprueba"",""Plan contra las pseudoterapias y las pseudociencias"",""Población General"",,"
"2019,""V de vacuna, V de vida. Las vacunas salvan vidas"",""Previenir, controlar y vencer las enfermedades mediante la vacunación"",""Población General"",,"
"2019,""Prevenir las Infecciones de Transmisión Sexual está en tu mano"",""Prevenir las Infecciones de Transmisión Sexual en Jóvenes "",""Jovenes"",,"
"2019,""El Tabaco Ata y Te Mata en Todas sus Formas "",""Prevención del tabaquismo "",""Población General"",,"
"2019,""Frente a la Gripe VACÚNATE, Sobran Motivos."",""Promoción de la vacunación para  prevenir la gripe y sus complicaciones"",""Colectivos Específicos"",,"
"2019,""Los antibióticos NO valen para todo"",""Concienciar a los ciudadanos sobre los riesgos asociados al uso imprudente de estos medicamentos en personas y animales"",""Población General"",,"
"2019,""Crecer Sin Violencia, Para Vivir Sin Miedo"",""Protección a la Infancia y Adolescencia  frente a la Violencia  "",""Población General"",,"
"2019,""Día Mundial Del Sida. Transmite Respeto"",""Conmemoración Día Mundial del Sida"",""Población General"",,"
"2019,""Tú serás mi hogar"",""Acogimiento familiar "",""Población General"",,"
"2020,""Este virus lo paramos unidos"",""Prevenir el contagio por COVID-19"",""Población General"",,"
"2020,""Salimos mas fuertes"",""Plan para la transición hacia la nueva normalidad"",""Población General"",,"
"2020,""Esto no es un juego"",""Cumplir las recomendaciones sanitarias para evitar contagios por COVID-19"",""Población General"",,"
"2020,""Gripe yo me vacuno"",""Promoción de la vacunación para  prevenir la gripe y sus complicaciones"",""Colectivos Específicos"",,"
"2020,""El mejor regalo es cuidarnos"",""Prevenir el contagio por COVID-19 en navidades"",""Población General"",,"
"2021,""Yo me vacuno seguro"",""Estrategia de vacunación COVID-19 en España"",""Población General"",,"
"2021,""Gripe, yo me vacuno. Este año también marco la diferencia"",""Promoción de la vacunación frente a la gripe para alcazar mayores coberturas de vacunación"",""Población General"",,"
"2021,""Hablemos de Salud Mental"",""Mejorar la concienciación de la población general sobre los problemas de salud mental"",""Población General"",,"
"2021,""Antibióticos: tómatelos en serio"",""Concienciar a la población sobre el uso adecuado de estos medicamentos"",""Población General"",,"
"2021,""Hablemos de Salud Mental"",""Mejorar la concienciación de la población general sobre los problemas de salud mental"",""Población General"",,"
"2021,""12 maneras de prevenir el cáncer"",""Difundir y dar a conocer el Código Europeo contra el Cáncer"",""Población General"",,"
"2021,""Día Mundial del Sida 2021: Vive en Positivo"",""Eliminar el estigma y la discriminación asociados al VIH y al sida"",""Población General"",,"
"2022,""¿Malos Humos? No, gracias"","" Incrementar la concienciación sobre el necesario respeto a los derechos de protección frente al Humo Ambiental del Tabaco y otras emisiones en forma de aerosol de los productos relacionados con el tabaco en los espacios de convivencia mutua"",""Población General"",,"
"2022,""No te pierdas nada. Reduce el consumo de alcohol"",""Sensibilizar a la sociedad, especialmente a los menores, de los riesgos que comporta el consumo de alcohol"",""Población General"",,"
"2022,""Salva vidas, límpiate las manos"",""Implementar el programa de higiene de manos del sistema nacional de salud, para prevenir las infecciones asociadas a la asistencia sanitaria, en el marco de la estrategia de seguridad del paciente."",""Colectivos Específicos"",,"
"2022,""024 Llama a la Vida"",""Sensibilizar, concienciar y mejorar la información sobre los problemas de salud mental, con especial atención a la prevención del suicidio. Dar a conocer la Línea 024 de ayuda de atención a la conducta suicida"",""Población General"",,"
"2022,""Necesitamos Dosis de Recuerdos"",""Promocionar los beneficios de la vacunación frente a la covid-19 entre los profesionales sanitarios y personas reticentes a la vacunación, reforzando los mensajes de prevención"",""Población General"",,"
"2022,""SI a la prevención, DA resultado"",""Reducir el impacto del vih en la población de hsh (hombres que tiene sexo con hombres) mayores de 50 años"",""Colectivos Específicos"",,"
"2022,""Sal como quieras, pero no salgas sin condones"",""Reducir el impacto de la epidemia de las infecciones de transmisión sexual en la población joven, incluido el vih."",""Población Jóven"",,"
"2022,""Gripe. Orgullosos de Vacunarnos"",""Promocionar los beneficios de la vacunación frente a la gripe estacional entre los grupos de población diana. Asimismo, promocionar la vacunación entre los trabajadores sanitarios."",""Colectivos Específicos"",,"
"2022,""Apuestas. Lo Importante es NO PARTICIPAR"",""Sensibilizar a la población general, haciendo visibles aspectos problemáticos del juego de apuestas."",""Población General"",,"
"2022,""Lo agradece tu CUERPO, lo agradece tu MENTE"",""Promover entornos que faciliten la adopción de estilos de vida saludable, mediante una buena alimentación y la realización de actividad física."",""Población General"",,"
"2022,""Fumar no es bueno para ti, ni para el planeta"",""Sensibilizar en la lucha contra el tabaquismo y en concreto sensibilización sobre los daños y efectos del consumo en la salud y en el medio ambiente."",""Población General"",,"
"2022,""Ponte la DOSIS DE RECUERDO frente a la Covid-19 y sigue con tu vida"", ""Segunda ola de la campaña para promocionar los beneficios de la vacunación frente a la covid-19 entre los profesionales sanitarios y personas reticentes a la vacunación, reforzando los mensajes de prevención"",""Población General"",,"
"2022,""Eficaces para ti, eficaces para la Sanidad"", Generar confianza en la ciudadanía sobre los medicamentos genéricos y los medicamentos biosimilares"",""Población General"",,"
"2022,""Antibióticos: tómatelos en serio"",""Concienciar a la población sobre el uso adecuado de estos medicamentos"",""Población General"",,"
"2022,""Día Mundial del Sida 2022: Vive en Positivo"",""Eliminar el estigma y la discriminación asociados al VIH y al sida"",""Población General"",,"
"2023,""Apuestas: lo importante es NO PARTICIPAR"", ""Sensibilizar a la población general, haciendo visibles aspectos problemáticos del juego de apuestas"",""Población General"",,"
"2023,""Salva vidas DONANDO PLASMA"",""Aumentar la donación de plasma mediante el procedimiento de aféresis (plasmaféresis), con el objetivo de que España sea autosuficiente en medicamentos derivados del plasma (hemoderivados)"",""Población General"",,"
"2023,""Prevención del VIH y otrs ITS. PREVENCIÓN con mucho ORGULLO"",""Promover la adopción de medidas preventivas frente a la infección por el VIH y otras ITS e informar a la población acerca del concepto de Indetectable igual a Intransmisible (I=I)"",""Población General"",,"
"2023,""024, Línea de atención a la conducta suicida"",""Sensibilizar, concienciar y mejorar la información sobre los problemas de salud mental, con especial atención a la prevención del suicidio y a la línea de atención a la conducta suicida 024"",""Poblacion General"",,"
"2023,""Prevención del Tabaquismo: Y tú, ¿por qué fumas?"",""Sensibilizar y concienciar en la lucha contra el tabaquismo, informando sobre los daños y efectos perjudiciales que el tabaco y otros productos relacionados, causan en la salud"",""Población General, infantil y juvenil"",,"
"2023,""Promoción de la vacunación. Cada vacuna a su tiempo"",""promocionar los beneficios de la vacunación frente a la gripe estacional, covid-19 y otros virus respiratorios entre los grupos de población diana y entre los trabajadores sanitarios"",""Población General"",,"
"2023,""Información sobre la  Red Española de Agencias de Evaluación de Tecnologías Sanitarias y Prestaciones del SNS (RedETS)"",""Informar y sensibilizar sobre la importancia de la evaluación de las tecnologías sanitarias. visibilizar la misión, visión y valores de la RedETS"",""Población General"",,"
"2023,""Antibióticos, protegernos es su trabajo. El tuyo, usarlos bien"",""Transmitir el mensaje de que los antibióticos sólo se deben utilizar para tratar infecciones bacterianas, nunca para tratar infecciones víricas como la gripe o el catarro, y siempre de acuerdo con lo indicado por un médico"",""Población General"",,"
"2023,""Día Mundial del Sida 2023. Ante el VIH #BESOSyMÁSBESOS"",""Sensibilizar e informar sobre el derecho a la igualdad de oportunidades que evita situaciones de discriminación"",""Población General"",,"
"2024,""Prevención de ITS en jóvenes, Yo soy del sexo seguro"",""informar y sensibilizar a la población sobre la importancia de la prevención de las infecciones de transmisión sexual (ITS) y concienciar sobre la necesidad del autocuidado y la responsabilidad individual en la mejora de su salud sexual y de las personas con las que se relacionan"",""Población General y Juvenil"",,"
"2024,""Prevención frente a las altas temperaturas. Un verano de cuidado"",""dar recomendaciones básicas para combatir los efectos negativos para la salud de las altas temperaturas"",""Población General"",,"
"2024,"" Prevención del VIH. Cuidar nuestro sexo, es cuidar nuestro Orgullo"","" romover la adopción de medidas preventivas frente a la infección por el VIH y otras ITS entre los hombres gais, bisexuales y otros hombres que tienen sexo con hombres (GBHSH) en el marco de la celebración del Orgullo LGTBIQ+"",,"
"2024,""Prevención del Tabaquismo. Si vapeas o si fumas, PIERDES"",""Concienciar a la población sobre los efectos del consumo de tabaco y de otros productos relacionados"", ""Población General y Juvenil"",,"
"2024,""Promoción de la Vacunación. Que la gripe no te pare"",""Difusión de las recomendaciones de vacunación frente a gripe en los grupos de población diana, sus familiares, así como en el personal sanitario y sociosanitario"",""Población General"",,"
"2024,""La evidencia científica aplicada a la salud. #EsPopularPeroNoCiencia"",""Sensibilizar a la población general sobre la necesidad de aplicar el conocimiento, la evidencia y el rigor científico sobre las alternativas terapéuticas disponibles"",""Población General"",,"
"2024,""Atención Primaria, el CENTRO de tu salud"",""Revalorizar la atención primaria, con el objetivo de restaurar una percepción positiva tanto en la ciudadanía como en los profesionales"",""Población General"",,"
"2024,""Día Mundial del Sida 2024. Las mejores relaciones se viven sin prejuicios"","" Educar a la población sobre las vías reales de transmisión del VIH, lo que resulta esencial para combatir el estigma y construir relaciones libres de prejuicios"",""Población General"",,"
"2024,""Antibióticos, protegernos es su trabajo. El tuyo, usarlos bien"",""Transmitir el mensaje de que los antibióticos sólo se deben utilizar para tratar infecciones bacterianas, nunca para tratar infecciones víricas como la gripe o el catarro, y siempre de acuerdo con lo indicado por un médico"",""Población General"",,"
"2025,""Hablemos de la menopausia"",""Romper el tabú y construir una visión positiva, destacando aspectos como la mayor energía, la estabilidad emocional y la libertad de roles, promoviendo una vivencia más feliz y plena de esta etapa que es la menopausia"",""Población General"",,"
"2025,""Y a ti, ¿qué te pasa?"",""Señalar los determinantes sociales que pueden contribuir a desencadenar un problema de salud mental, para mitigarlos desde el origen, identificando la causa del malestar e invitando a tomar medidas que lo resuelvan"",""Población General"",,"
"2025,""Las ITS no se ve, te confías...y se cuelan"",""Informar y sensibilizar sobre la importancia de la prevención de las infecciones de transmisión sexual (ITS), con especial atención a la población joven y adultos/as jóvenes"",""Población General"",,"
"2025,""Hoy f*llas seguro"",""Prevención del VIH y otras ITS en el marco del Día del Orgullo LGTBIQ+"",""Población General"",,"
"2025,""Prevención frente a las altas temperaturas. Un verano de cuidado"",""Dar recomendaciones básicas para combatir los efectos negativos para la salud de las altas temperaturas"",""Población General"",,"
"2025,""Con todo lo que puedes hacer con la boca...¿Vas a usarla para vapear?"",""Concienciar a la población sobre los efectos del consumo de tabaco y de otros productos relacionados"", ""Población General y Juvenil"",,"
"2025,""Mi deseo para ti"",""Promoción de hábitos saludables con el objetivo final de reducir la obesidad infantil"", ""Población General e infantil y juvenil"",,"
"2025,""Remedios siempre con la evidencia científica"",""Sensibilizar a la población general sobre la necesidad de aplicar el conocimiento, la evidencia y el rigor científico sobre las alternativas terapéuticas disponibles. advertir sobre el riesgo de la automedicación y sensibilizar sobre los efectos nocivos de las alternativas terapéuticas no basadas en la evidencia científica con posibles efectos perjudiciales para la salud, la protección de medioambiente u otros ámbitos"", ""Población General"",,"
"2025,""usar bien los antibióticos es vital"",""Transmitir el mensaje de que los antibióticos sólo se deben utilizar para tratar infecciones bacterianas, nunca para tratar infecciones víricas como la gripe o el catarro, y siempre de acuerdo con lo indicado por un médico"",""Población General"",,"
"2025,""Día Mundial del Sida 2024. Que viva la vihda"","" Educar a la población sobre las vías reales de transmisión del VIH, lo que resulta esencial para combatir el estigma y construir relaciones libres de prejuicios"",""Población General"",,"
